devpocket.in/encode-decode/,https://devpocket.in/base64/,301,TRUE,FALSE,FALSE,FALSE
devpocket.in/encode-decode,https://devpocket.in/base64/,301,TRUE,FALSE,FALSE,FALSE
devpocket.in/json-xml/,https://devpocket.in/json-formatter/,301,TRUE,FALSE,FALSE,FALSE
devpocket.in/json-xml,https://devpocket.in/json-formatter/,301,TRUE,FALSE,FALSE,FALSE
devpocket.in/convert/,https://devpocket.in/json-to-yaml/,301,TRUE,FALSE,FALSE,FALSE
devpocket.in/convert,https://devpocket.in/json-to-yaml/,301,TRUE,FALSE,FALSE,FALSE
devpocket.in/jwtvalidator/,https://devpocket.in/jwt-decoder/,301,TRUE,FALSE,FALSE,FALSE
devpocket.in/jwtvalidator,https://devpocket.in/jwt-decoder/,301,TRUE,FALSE,FALSE,FALSE
devpocket.in/jsonvalidator/,https://devpocket.in/json-validator/,301,TRUE,FALSE,FALSE,FALSE
devpocket.in/jsonvalidator,https://devpocket.in/json-validator/,301,TRUE,FALSE,FALSE,FALSE
devpocket.in/json-tree/,https://devpocket.in/json-viewer/,301,TRUE,FALSE,FALSE,FALSE
devpocket.in/json-tree,https://devpocket.in/json-viewer/,301,TRUE,FALSE,FALSE,FALSE
devpocket.in/json-schema/,https://devpocket.in/json-schema-generator/,301,TRUE,FALSE,FALSE,FALSE
devpocket.in/json-schema,https://devpocket.in/json-schema-generator/,301,TRUE,FALSE,FALSE,FALSE
devpocket.in/jwt-color/,https://devpocket.in/jwt-decoder/,301,TRUE,FALSE,FALSE,FALSE
devpocket.in/jwt-color,https://devpocket.in/jwt-decoder/,301,TRUE,FALSE,FALSE,FALSE
